id,createdAt,fullName,userName,profileImage,fullText,replyTo,lang,quoteCount,retweetCount,replyCount,retweetCount,likeCount
1772648153310691485,Tue Mar 26 15:33:48 +0000 2024,Shawn Stangeland Slava Ukraine üá∫üá¶,StangelandShawn,https://pbs.twimg.com/profile_images/1741939067250413568/H4rkOvtY_normal.jpg,@BBCWorld Poor Qlon getting exposed and his SLAPP suit is thrown out. How do you like that free speech @elonmusk.,1772379383770013931,en,0,0,0,0,0
1772459511426486346,Tue Mar 26 03:04:12 +0000 2024,Momina,momina6261,https://pbs.twimg.com/profile_images/1758151303279030272/8bB3Pe0i_normal.jpg,"@BBCWorld Oh, really? That's interesting news about Elon Musk's anti-hate group case being thrown out. It's always important to stay informed about the latest developments. It's great to see individuals taking a stand against hate. If you come across any more updates on this or any other‚Ä¶.",1772379383770013931,en,0,0,0,0,0
1772407948624510999,Mon Mar 25 23:39:19 +0000 2024,Coppit,JackCoppit,https://pbs.twimg.com/profile_images/1610857484876406785/We49eGLc_normal.jpg,@BBCWorld @elonmusk taking L‚Äôs.,1772379383770013931,en,0,0,0,0,0
1772380054590300626,Mon Mar 25 21:48:28 +0000 2024,BLUEBERRYü´ê,UswaNoor20,https://pbs.twimg.com/profile_images/1576126264821383168/rJvRZL6-_normal.jpg,@BBCWorld Who cares?.#ElonMusk https://t.co/a2CztXk0jL.,1772379383770013931,en,0,1,1,1,7
1772379782795141620,Mon Mar 25 21:47:24 +0000 2024,Nadir Sameed,NadirSameed,https://pbs.twimg.com/profile_images/1729024417479458816/SfqawvGf_normal.jpg,@BBCWorld The dismissal of Elon Musk's case against an anti-hate group raises questions about the legal basis of the lawsuit.,1772379383770013931,en,0,0,0,0,2
1768367022134514050,Thu Mar 14 20:02:07 +0000 2024,Mama_Ranjha,MamaRanjha,https://pbs.twimg.com/profile_images/1758446355175919616/MF9dhzsr_normal.jpg,"@BBCWorld Elon Musk's Starship has indeed been making significant progress. Each test flight pushes the boundaries further, aiming ultimately to take humans to Mars and beyond. It's an exciting time for space exploration.",1768366682953691454,en,0,0,5,0,4
1767951297582661959,Wed Mar 13 16:30:10 +0000 2024,Shayne Lenin,Terrasweat999,https://pbs.twimg.com/profile_images/1716075945424297984/ne-4TI9E_normal.jpg,@BBCWorld I remember when the scumbag accused one of the Thai rescue crew of being a paedophile because the guy didn't want to use his device for marketing. and now he loves using his kid for marketing. Elon. is a lowlife. Always has been. always will be. Yeah you @elonmusk .,1767950238751326545,en,0,0,0,0,1
1764787145913290758,Mon Mar 04 22:56:58 +0000 2024,ErmGonz1976,Egonzc48,https://pbs.twimg.com/profile_images/1684889926934884352/UOYCT7lf_normal.jpg,@BBCWorld üòÖüòÖüòÖ that's pennies for @elonmusk . pennies! üòé.,1764778434981458215,en,0,0,0,0,0
1764780625444081963,Mon Mar 04 22:31:03 +0000 2024,Pat A.,pataz1,https://pbs.twimg.com/profile_images/1546679835359068161/UMVvCHei_normal.jpg,@BBCWorld Elon Musk is a transph0bic .d|&lt;k.,1764778434981458215,en,0,0,0,0,0
1764779040911568950,Mon Mar 04 22:24:46 +0000 2024,Lavrion Mining,LavrionMining,https://pbs.twimg.com/profile_images/1656438571048509440/jCCKhdL4_normal.jpg,"@BBCWorld Elon Musk sued by Twitter's ex-executives, including Parag Agrawal, for over $128m in unpaid severance. They claim Musk fired them unjustly after acquiring Twitter, now X, to avoid payments under old severance plan. Musk yet to respond.",1764778434981458215,en,1,0,0,0,5
1764778947521175555,Mon Mar 04 22:24:23 +0000 2024,Ase Uyi,aseuyi,https://pbs.twimg.com/profile_images/1761803931422687232/jvVkFiPv_normal.jpg,"@BBCWorld Elon Musk sued by ex-Twitter execs over $128M in unpaid severance, amid allegations of refusing to pay former employees.",1764778434981458215,en,0,0,0,0,0
1764778565642457169,Mon Mar 04 22:22:52 +0000 2024,PSL Fan Page üá¨üáß,AtifMin30210721,https://pbs.twimg.com/profile_images/1760311897880985600/m7zGr1il_normal.jpg,@BBCWorld @elonmusk is that true bro üôÑüôÑ.,1764778434981458215,en,0,0,0,0,0
1763599337966149843,Fri Mar 01 16:17:02 +0000 2024,Glasnost Gone,GlasnostGone,https://pbs.twimg.com/profile_images/877204602881540096/EB8Gdn25_normal.jpg,@BBCWorld That's same Elon Musk who has gone out of his way to turn Twitter into a major Russian propaganda &amp; disinformation platform - sues ChatGPT-maker OpenAI over Microsoft links.,1763575472372261172,en,1,4,1,4,30
1763595059017175414,Fri Mar 01 16:00:02 +0000 2024,üöÄ Belle Ondricka,belle_ondricka,https://pbs.twimg.com/profile_images/1666132924276830210/nWOxa3_l_normal.png,@BBCWorld It's interesting to see Elon Musk suing OpenAI over their Microsoft connections. Wonder what the implications will be for AI development.,1763575472372261172,en,0,0,0,0,0
1763576045343531043,Fri Mar 01 14:44:29 +0000 2024,Matthew Chapman,Matt528chap,https://pbs.twimg.com/profile_images/1772939654091718656/lrOtUrFe_normal.jpg,@BBCWorld Another tantrum from Elon i see. #ElonMusk https://t.co/4YeImLaa3X.,1763575472372261172,en,0,0,0,0,1
1763575759074173028,Fri Mar 01 14:43:21 +0000 2024,Trilochan Bhattarai 1,trilochan000,https://pbs.twimg.com/profile_images/1706587213272940544/REUgY1AX_normal.jpg,"@BBCWorld However, as of my last update, there were no such reports or lawsuits involving Elon Musk, OpenAI, and Microsoft. If this is a hypothetical scenario or a recent development, it would be best to check reliable news sources for the latest information.",1763575472372261172,en,0,0,2,0,3
1763575712521339308,Fri Mar 01 14:43:10 +0000 2024,Lavrion Mining,LavrionMining,https://pbs.twimg.com/profile_images/1656438571048509440/jCCKhdL4_normal.jpg,"@BBCWorld Elon Musk sues OpenAI, claiming breach of founding principles focused on benefiting humanity, not profit. The lawsuit, also against Sam Altman, alleges a shift from non-profit origins to profit-driven motives, especially by Microsoft's investment.",1763575472372261172,en,0,0,0,0,2
1762682964435951639,Wed Feb 28 03:35:42 +0000 2024,Aamir Ubaid,AamirUbaidRajp1,https://pbs.twimg.com/profile_images/1749671491145486336/bgeTkZn2_normal.jpg,"@BBCWorld @elonmusk world richest man, did no pay bill wow.",1762515953101795430,en,0,0,0,0,0
1762559397773930753,Tue Feb 27 19:24:41 +0000 2024,Owain,Owzll,https://pbs.twimg.com/profile_images/1611478145449840649/BVGUl1cw_normal.jpg,@BBCWorld Elon Musk paid his own company's bill.,1762515953101795430,en,0,0,0,0,1
1762526284784046566,Tue Feb 27 17:13:07 +0000 2024,Stephen,StephenXer,https://pbs.twimg.com/profile_images/1464230890649890824/GCgIyV7b_normal.jpg,@BBCWorld Elon Musk is billionaire entrepreneur. Envious BBC News journalists can't clear six digit salary.,1762515953101795430,en,0,0,0,0,0
1762522299612225714,Tue Feb 27 16:57:16 +0000 2024,Raphael,abrasifs,https://pbs.twimg.com/profile_images/1762188944131739648/WZYinhdn_normal.jpg,"@BBCWorld You finally did some good for once, stop relaying false news on X and I will respect you even more @elonmusk.",1762515953101795430,en,0,0,0,0,0
1762516321101602895,Tue Feb 27 16:33:31 +0000 2024,Zeeshan ansari,Zeeshi313,https://pbs.twimg.com/profile_images/1755167843178422272/dZCYkyKT_normal.jpg,@BBCWorld Elon Musk takes a slice of humble pie after a bakery bill slips through the cracks. ü•ßüç∞ü§∑‚Äç‚ôÇÔ∏è.,1762515953101795430,en,0,0,0,0,0
1762516117233221814,Tue Feb 27 16:32:42 +0000 2024,INFOTAINMENT,shah660222,https://pbs.twimg.com/profile_images/1743489489140629504/kgiGaS3u_normal.jpg,"@BBCWorld It's not uncommon for oversights to happen, even to high-profile individuals like Elon Musk. Hopefully, this incident serves as a reminder for everyone to double-check their bills and settle them promptly.",1762515953101795430,en,0,1,3,1,4
1758384823004217487,Fri Feb 16 06:56:25 +0000 2024,Paulld,PaulldTV,https://pbs.twimg.com/profile_images/1429114954213322757/fr-zWMma_normal.jpg,@BBCWorld I liked Elon Musk a lot before all the is X stuff. He‚Äôs made all the comments about how awesome he is and makes it so you have to see his posts even if you don‚Äôt follow him. Then acts like he‚Äôs for ‚Äúfree speech.‚Äù.,1758149687951950179,en,0,0,0,0,0
1758160102857609273,Thu Feb 15 16:03:28 +0000 2024,Blue-eyes üëÄ,ihtisham_khaliq,https://pbs.twimg.com/profile_images/1659233598019366913/ITwtE9f6_normal.jpg,@BBCWorld Elon Musk says he has moved the legal home of his rocket company SpaceX from the US state of Delaware to Texas.,1758149687951950179,en,0,0,1,0,0
1758156000366846384,Thu Feb 15 15:47:10 +0000 2024,Syed Jamil Abbas Shah,JamilSyed5125,https://pbs.twimg.com/profile_images/1754503895827812352/DVCKhhIH_normal.jpg,"@BBCWorld Critics may argue that SpaceX's move of its legal home to Texas, led by Elon Musk, raises concerns about the company's motivations, potentially highlighting a desire to benefit from Texas' more lenient regulatory environment or tax incentives. Additionally, some may question the‚Ä¶.",1758149687951950179,en,0,0,0,0,1
1758155960709734716,Thu Feb 15 15:47:00 +0000 2024,Syed Jamil Abbas Shah,JamilSyed5125,https://pbs.twimg.com/profile_images/1754503895827812352/DVCKhhIH_normal.jpg,"@BBCWorld Critics may argue that SpaceX's move of its legal home to Texas, led by Elon Musk, raises concerns about the company's motivations, potentially highlighting a desire to benefit from Texas' more lenient regulatory environment or tax incentives. Additionally, some may question the‚Ä¶.",1758149687951950179,en,0,0,0,0,0
1756504479661216085,Sun Feb 11 02:24:36 +0000 2024,Orbit News 365,orbitnews365,https://pbs.twimg.com/profile_images/1747977441816031232/TIjyET1J_normal.jpg,"@BBCWorld yes it about 20-year-old Sweeney's Flightradar24. tracking private jets took off when his ""ElonJet"" website exposed Elon Musk's flights. Musk deemed it a privacy breach, offering $5,000 to shut it down. Sweeney's $50,000 counter sparked a heated debate. #elonjet.",1756488947092291943,en,0,2,2,2,1
1756496305310839056,Sun Feb 11 01:52:07 +0000 2024,NUman Kiani Gakhar,NumanKiani817,https://pbs.twimg.com/profile_images/1713446655486570496/Un5bFUtU_normal.jpg,"@BBCWorld Jack Sweeney's planespotting hobby has drawn unexpected attention from figures like Taylor Swift and Elon Musk, showcasing the power of niche interests in today's interconnected world.",1756488947092291943,en,0,0,0,0,0
1756491181477806418,Sun Feb 11 01:31:46 +0000 2024,Sanaullah Said,Sani0144,https://pbs.twimg.com/profile_images/1752255580335693824/hPiDejuo_normal.jpg,@BBCWorld Jack Sweeney's passion for planespotting has certainly stirred curiosity and even garnered attention from notable figures like Taylor Swift and Elon Musk. #Planespotting #Passion.,1756488947092291943,en,0,0,0,0,0
1755361852996141314,Wed Feb 07 22:44:13 +0000 2024,N.Perez,nperez55,https://pbs.twimg.com/profile_images/1711519400606703616/yBK7KPpH_normal.jpg,@ChannelNewsAsia ELON MUSK IS FAR FROM CHARISMATIC.,1755351016294539350,en,0,0,0,0,0
1755285353148354961,Wed Feb 07 17:40:14 +0000 2024,ÂüºÁéâÂõΩÊ∞ëNo.201107,201107No,https://abs.twimg.com/sticky/default_profile_images/default_profile_normal.png,"@BBCWorld I understand that what Mr. Elon Musk is doing is that it is not good to unilaterally bash someone, and that we should at least listen to their claims.",1755003259113062485,en,0,0,0,0,0
1755011555266076875,Tue Feb 06 23:32:15 +0000 2024,John Player Special-ed,denimdemon99,https://pbs.twimg.com/profile_images/1693350694701400064/tNjBacRp_normal.jpg,@BBCWorld Cool something else for Elon Musk to fuck up laughably.,1755003259113062485,en,0,0,1,0,0
1755009711882052086,Tue Feb 06 23:24:56 +0000 2024,The Secret DJ.,SecretDJBook,https://pbs.twimg.com/profile_images/1683237830384836608/QX9SPBqN_normal.jpg,"@BBCWorld ""Far Right racist actress Gina Carano sues Disney and Lucasfilm with massive nazi Elon Musk's help"". fixed that for you.",1755003259113062485,en,0,2,6,2,36
1755004215619993845,Tue Feb 06 23:03:06 +0000 2024,Balkan Havalarƒ±,Bzalkanowski,https://pbs.twimg.com/profile_images/1728093252379643905/iCE7OFbY_normal.jpg,"@BBCWorld The news about actress Gina Carano suing Disney and Lucasfilm, with Elon Musk's assistance, reflects an intriguing development in the entertainment industry. It sparks curiosity about the details of the lawsuit and the involvement of prominent figures like Elon Musk in the legal‚Ä¶.",1755003259113062485,en,1,2,2,2,5
1752960755660620117,Thu Feb 01 07:43:07 +0000 2024,"Donald J. Twitler (for Jenius) ""A Parody""",DonnieTwitler,https://pbs.twimg.com/profile_images/1722225608250540032/Tw4xeDtn_normal.jpg,"@BBCWorld Americans are hoping Elon Musk keeps moving further south, taking his apartheid business practices all the way back to the 18th century where it belongs.",1752957112911528143,en,0,0,0,0,3
1752960044575216050,Thu Feb 01 07:40:17 +0000 2024,Ch Ali,chali_007,https://pbs.twimg.com/profile_images/1751141876168536064/BXf5JLPj_normal.jpg,@BBCWorld #ElonMusk is game changer. Topper in advancement.,1752957112911528143,en,0,0,0,0,0
1752958183042068832,Thu Feb 01 07:32:53 +0000 2024,MR G.O,GloriousOm75825,https://pbs.twimg.com/profile_images/1721382053940281344/T0_XphUs_normal.jpg,@BBCWorld Elon Musk is doing well üëçüëçüëç.,1752957112911528143,en,0,0,1,0,2
1752788179176800334,Wed Jan 31 20:17:21 +0000 2024,Thegossipbean,thegossipbean,https://pbs.twimg.com/profile_images/1749554981034708993/_vLwncoE_normal.jpg,"@BBCWorld In a landmark decision, a Delaware judge annulled Elon Musk's $55.8 billion pay deal from Tesla, granted in 2018. The deal, the largest in US corporate history, was challenged by a shareholder for being excessively generous. The judge ruled that Tesla's directors were overly‚Ä¶.",1752492784655675421,en,0,0,1,0,0
1752661959038710207,Wed Jan 31 11:55:48 +0000 2024,HMS Ajax - TRUTH üá¨üáß,quodliberavem,https://pbs.twimg.com/profile_images/1271050270328393734/ET_ULcyD_normal.jpg,@BBCWorld So a Court in Biden's home state #Delaware has ruled against free thinker Elon Musk ü§î. Why does BBC make no mention of Biden's attacks on Musk and Tesla?ü§î. -Biden falsely claimed GM were leading the way in EV production. -Biden invited car makers to WH but failed to invite Musk.,1752492784655675421,en,0,0,0,0,0
1752548141386158123,Wed Jan 31 04:23:32 +0000 2024,Alan Rosca,alanrosca,https://pbs.twimg.com/profile_images/1418763984103149572/_y1_FWGD_normal.jpg,"@BBCWorld If @elonmusk decides to quit #Tesla and focus on his other ventures, the Court's decision might end up inflicting far more financial harm upon #TSLA's shareholders than the board's decision to approve his pay package.",1752492784655675421,en,0,0,1,0,1
1752507483812212755,Wed Jan 31 01:41:58 +0000 2024,king Albert,KingSafdar441,https://pbs.twimg.com/profile_images/1744633440744480769/cX4xBBv8_normal.jpg,"@BBCWorld The court's decision to void Elon Musk's $56 billion Tesla pay deal marks a significant turn of events, raising questions about corporate governance and legal interpretation in high-profile cases.",1752492784655675421,en,0,0,0,0,0
1752496665376760266,Wed Jan 31 00:58:59 +0000 2024,Peter_Lemonjello,lemonjelloinc,https://pbs.twimg.com/profile_images/1650528245882712065/bRRiEOsk_normal.jpg,@BBCWorld Elon Musk's $56bn Tesla pay deal voided by court as a message to stay in line and not speak your mind from Democrats.,1752492784655675421,en,0,0,0,0,0
1752496435734647203,Wed Jan 31 00:58:04 +0000 2024,Burak_Cin,haqq_cin,https://pbs.twimg.com/profile_images/1769256371843985408/I-KEVvqz_normal.jpg,"@BBCWorld A Delaware judge on Tuesday voided the $56B pay package of Tesla Ceo Elon Musk, ruling that the company board of directors failed to prove that the compensation plan was fair.",1752492784655675421,en,0,0,0,0,0
1752493097072668748,Wed Jan 31 00:44:48 +0000 2024,KING OF POLLS üëëüìàüìâ,mixtorious1,https://pbs.twimg.com/profile_images/1516166541712269324/USUbHEuM_normal.jpg,@BBCWorld Do you trust Elon Musk ü§î.,1752492784655675421,en,0,6,11,6,9
1752493038432059793,Wed Jan 31 00:44:34 +0000 2024,cook with Zareen,Moonzareen88,https://pbs.twimg.com/profile_images/1742326991167389697/mp2iyzMm_normal.jpg,@BBCWorld The court has voided Elon Musk's $56 billion Tesla pay deal.,1752492784655675421,en,0,0,0,0,0
1752418165995250045,Tue Jan 30 19:47:03 +0000 2024,Duluth Air üñ§,mn_opinion,https://pbs.twimg.com/profile_images/1480107824910946310/tV3bn8ik_normal.jpg,@BBCWorld Has @elonmusk tried it on himself first?.,1752149834306363759,en,0,0,0,0,0
1752265963041345902,Tue Jan 30 09:42:15 +0000 2024,R S,Renata_Stochmal,https://pbs.twimg.com/profile_images/1687826980891176960/20gyypEn_normal.jpg,@BBCWorld @neuralink   @elonmusk .Will this state require the creation of the so-called a new definition of death?.,1752149834306363759,en,0,0,0,0,0
1752206733211259031,Tue Jan 30 05:46:54 +0000 2024,A‚Äôneil,theantiochus,https://pbs.twimg.com/profile_images/1720979422579478528/sM_N8zK-_normal.jpg,@BBCWorld Everyone blamed Bill Gates about that in the pandemic and now it‚Äôs Elon Musk who‚Äôs gonna screw chips in our brains.,1752149834306363759,en,0,0,0,0,1
1752177395183071585,Tue Jan 30 03:50:19 +0000 2024,Ciara,Ciaralashay14,https://pbs.twimg.com/profile_images/1729403883523649536/MqAGVirn_normal.jpg,"@BBCWorld ""Mind-blowing news! Elon Musk's Neuralink chip brings brainwaves to reality!"".",1752149834306363759,en,0,0,0,0,2
1752155179846123641,Tue Jan 30 02:22:03 +0000 2024,Alexander Gallows,SirHardHarry,https://pbs.twimg.com/profile_images/1348432146176872448/THJ9i6Un_normal.jpg,@BBCWorld Pussy should have gotten it himself. @elonmusk.,1752149834306363759,en,0,0,0,0,0
1752154654723772529,Tue Jan 30 02:19:57 +0000 2024,Waqas Ahmad,Rebel_533,https://pbs.twimg.com/profile_images/1743648121413132288/suHILdR4_normal.jpg,@BBCWorld @elonmusk are you serious?.,1752149834306363759,en,0,0,0,0,3
1752152310976028862,Tue Jan 30 02:10:39 +0000 2024,Joe&Sandy,NightTalkers,https://pbs.twimg.com/profile_images/573289279234830337/dCe-GCvz_normal.png,@BBCWorld The Right - We don't want no billionaire Bill Gates putting a chip in our vaccines!. Now.The Right- We want that billionaire Elon Musk to put a chip in our brain!.,1752149834306363759,en,0,0,0,0,0
1752151003649167667,Tue Jan 30 02:05:27 +0000 2024,Simon Grunfeld,kava69331,https://pbs.twimg.com/profile_images/1727710901090779136/x48gOeLW_normal.jpg,@BBCWorld Did @elonmusk put it in himself?.,1752149834306363759,en,0,0,1,0,0
1749531719454081246,Mon Jan 22 20:37:21 +0000 2024,ELONS REAL XISTENTIAL HAIRLINE,Starrystatus,https://pbs.twimg.com/profile_images/1741678798100197376/HC4OogoZ_normal.jpg,@BBCWorld He's still on his apology tour? What a shameless creep @elonmusk.,1749423928785739946,en,0,0,0,0,0
1749470008130805989,Mon Jan 22 16:32:08 +0000 2024,Ngwanangwana wa ga Bandenne!,DidiTsotso,https://pbs.twimg.com/profile_images/726541018112360449/IXzbqhto_normal.jpg,"@BBCWorld From there, @elonmusk will go to #Ghana to see where millions were shipped away as packed sardines for a life of #Slavery.",1749423928785739946,en,0,0,0,0,0
1749457562842325186,Mon Jan 22 15:42:40 +0000 2024,Ó®Ä Gen XYZ United 2024 üá∫üá∏üá∫üá¶üè≥Ô∏è‚Äçüåà üè≥Ô∏è‚Äç‚ößÔ∏è,GenXYZ454135302,https://pbs.twimg.com/profile_images/1733154859963006976/fw1TGXom_normal.jpg,@BBCWorld Is he looking for ways to improve on the idea? Elon Musk is a fascist.,1749423928785739946,en,0,0,0,0,0
1749451012740350379,Mon Jan 22 15:16:39 +0000 2024,Anna,braho_s,https://pbs.twimg.com/profile_images/1771198546777100288/kp0e2pxW_normal.jpg,@BBCWorld You can go to Gaza @elonmusk . Same thing.,1749423928785739946,en,0,0,0,0,1
1749436640538321040,Mon Jan 22 14:19:32 +0000 2024,deniz deniz,Denisefosterdna,https://pbs.twimg.com/profile_images/1747353952398487552/RYPFCrzI_normal.jpg,@BBCWorld Well done @elonmusk.,1749423928785739946,en,0,0,0,0,0
1749434112589635787,Mon Jan 22 14:09:30 +0000 2024,NickT,hstoorg,https://pbs.twimg.com/profile_images/1738323067322195968/hoMizg9v_normal.jpg,@BBCWorld Elon has been promoting anti semetic rhetoric by MAGA like Soros dog whistles. Why two faces. ‚ÄúElon Musk accuses George Soros of wanting ‚Äòdestruction of western civilization‚Äô a day before meeting Netanyahu over antisemitism on X‚Äù. Soros survived Nazi occupation in Hungary.,1749423928785739946,en,0,0,0,0,4
1749431519058272588,Mon Jan 22 13:59:11 +0000 2024,Raja Zafar Mehmood,RajaZafar1961,https://pbs.twimg.com/profile_images/1761501882659307520/-xxkeXWd_normal.jpg,@BBCWorld Elon musk is a hero.,1749423928785739946,en,0,0,1,0,4
1749425987547213979,Mon Jan 22 13:37:12 +0000 2024,Tired&Grumpy,magpiesnest0259,https://pbs.twimg.com/profile_images/1634658596133691396/anoJwliI_normal.jpg,"@BBCWorld Why is this news? Millions of people have visited so why is his visit important? What‚Äôs next, Elon Musk visits Blackpool aquarium?.",1749423928785739946,en,0,0,0,0,0
1749425664229257648,Mon Jan 22 13:35:55 +0000 2024,Radhe Khan,47chaljayegaaaa,https://pbs.twimg.com/profile_images/1745276358928814081/q_7Y9kVp_normal.jpg,@BBCWorld What happened dear sir @elonmusk.,1749423928785739946,en,0,0,0,0,0
1749424503275274595,Mon Jan 22 13:31:18 +0000 2024,rainaveed,rainaveed50,https://pbs.twimg.com/profile_images/1728764645131902976/d6v6ojlV_normal.jpg,@BBCWorld Elon Musk visits site of Auschwitz death camp.,1749423928785739946,en,0,0,0,0,2
1749424496250126521,Mon Jan 22 13:31:17 +0000 2024,Tychodragonfanclub,Tychodragonfan,https://pbs.twimg.com/profile_images/1765857569879560192/wHiiS847_normal.jpg,@BBCWorld *elon musk checks twitter while at death camp.,1749423928785739946,en,0,0,0,0,2
1749424370554991012,Mon Jan 22 13:30:47 +0000 2024,Sadia,SadiaShaukat10,https://pbs.twimg.com/profile_images/1758733455813115904/CslruQgO_normal.jpg,@BBCWorld Ok why @elonmusk üòÇ.,1749423928785739946,en,0,0,0,0,5
1742942954807812208,Thu Jan 04 16:15:57 +0000 2024,Shanks2000,Shanks1971,https://pbs.twimg.com/profile_images/1288742512505561091/mOa2dwQd_normal.jpg,@BBCWorld Once again @elonmusk proving free speech has consequences! The irony !.,1742762305077571851,en,0,0,0,0,2
1742781625530716285,Thu Jan 04 05:34:53 +0000 2024,shakespier,shake52spier,https://abs.twimg.com/sticky/default_profile_images/default_profile_normal.png,"@BBCWorld Cowboy enriching himself while millions of US americans live below the poverty line, no social conscience, just greed.@elonmusk.",1742762305077571851,en,0,0,0,0,1
1742779220911370503,Thu Jan 04 05:25:20 +0000 2024,‰∏âÊúàÂçä,Chinese_9527,https://pbs.twimg.com/profile_images/1141872317749813249/krq1hftC_normal.jpg,"@BBCWorld i don't believe this !.because i have seen too many people criticise Elon Musk  on X every day, but their account still alive üòÄ.",1742762305077571851,en,0,0,0,0,0
1742772852099617112,Thu Jan 04 05:00:01 +0000 2024,XiaKhan,QalandarXia,https://pbs.twimg.com/profile_images/1524421511469322243/Ss1eE2mF_normal.jpg,@BBCWorld @elonmusk : they ain't coming slow. Seems as if you are on their hitlist like @realDonaldTrump @RealAlexJones . Wonder if you guys could find the flight logs of Geoffrey Epstine and share them with the world on X.,1742762305077571851,en,0,0,0,0,0
1742766856644026518,Thu Jan 04 04:36:12 +0000 2024,SAGEofZED,TheSAGEofZED,https://pbs.twimg.com/profile_images/1643898617030397952/eL_Ri-_P_normal.jpg,"@BBCWorld CALIFORNIA is an ""at-will"" State. You can be fired with NO explanation, no reason, and the employer doesn't have to specify why they fired you. If you talk shit about the CEO, I would expect him to fire you. Again, @elonmusk is NOT legally obligated to tell ANYONE why they are‚Ä¶.",1742762305077571851,en,0,0,4,0,14
1742765632985415992,Thu Jan 04 04:31:20 +0000 2024,Jim Kings,Therealjimkings,https://pbs.twimg.com/profile_images/1449508110838628352/YdnQYkoe_normal.jpg,@BBCWorld Has the bbc rid itself of all its sex pests yet ? @elonmusk.,1742762305077571851,en,0,0,0,0,1
1742763890704818459,Thu Jan 04 04:24:25 +0000 2024,Marilyn Williams,JoyMWilliams,https://pbs.twimg.com/profile_images/1626547715403403264/NayqsrnL_normal.jpg,@BBCWorld This seems on par with @elonmusk and his narcissistic personality. We saw how little he cared about the Twitter employees.,1742762305077571851,en,0,0,0,0,0
1742762624448643392,Thu Jan 04 04:19:23 +0000 2024,Muneb,Muneb28064043,https://pbs.twimg.com/profile_images/1729353477430587392/i4Fz9Wuz_normal.jpg,@BBCWorld Really good man Elon musk @BBCWorld.,1742762305077571851,en,0,0,1,0,9
1742460231643283623,Wed Jan 03 08:17:47 +0000 2024,Loquacious D,DanielSaan,https://pbs.twimg.com/profile_images/1577186891518050305/QL1kT3PS_normal.jpg,"@BBCWorld @elonmusk, you're a twerp.",1592935564747182082,en,0,0,0,0,0
1737472825093476812,Wed Dec 20 13:59:36 +0000 2023,Ross,MrRoss1982X,https://pbs.twimg.com/profile_images/1610104662786465795/eCmoOHcr_normal.jpg,"@BBCWorld Disinformation is all shit you spewed during covid, ""Russian Collusion"", pro hamas propaganda. Elon Musk shone the light on media/government censorship and corruption.",1736734483901001770,en,0,0,0,0,0
1737072974878941582,Tue Dec 19 11:30:45 +0000 2023,Leia Lee,LeiaLee39407646,https://abs.twimg.com/sticky/default_profile_images/default_profile_normal.png,"@BBCWorld Attacking Elon Musk &amp; X because it allows free speak which includes the truth rather than all the cover-ups, disinformation, misinformation, omissions &amp; additions which are not true.",1736734483901001770,en,0,0,0,0,0
1737067455686545569,Tue Dec 19 11:08:49 +0000 2023,Weasel Words üá¨üáßüè¥Û†ÅßÛ†Å¢Û†Å•Û†ÅÆÛ†ÅßÛ†Åøüè¥Û†ÅßÛ†Å¢Û†Å≥Û†Å£Û†Å¥Û†ÅøüáÆüá™,WeasleWords,https://pbs.twimg.com/profile_images/973354403158724608/sVS4j4ge_normal.jpg,@BBCWorld @elonmusk Should Redirect every European IP address to a Entry page Highlighting the EU Censorship and Anti-Free Speech policies of Europe.,1736734483901001770,en,0,0,0,0,0
1736817351730114807,Mon Dec 18 18:34:59 +0000 2023,D Law,DLaw55056286,https://pbs.twimg.com/profile_images/1495793894910484481/YLFB8bKu_normal.jpg,@BBCWorld This is rich. A propaganda org like the BBC reporting on their greatest source of disinformation making claims that X is not policing disinformation. If @elonmusk  wanted to get rid of disinformation/propaganda he would ban @BBCWorld or label them political propaganda. #fakenews https://t.co/WL7ui9WwuC.,1736734483901001770,en,0,0,0,0,0
1736816927295909977,Mon Dec 18 18:33:18 +0000 2023,Dan Rubi,DanRubi77,https://pbs.twimg.com/profile_images/1545071015457439744/7xeg9v3D_normal.jpg,@BBCWorld More likely: corrupted &amp;unelected EU Commission takes action against Elon Musk's X over real information.,1736734483901001770,en,0,0,0,0,0
1736801220575342840,Mon Dec 18 17:30:53 +0000 2023,gadfly981,gadfly981,https://pbs.twimg.com/profile_images/1588147366976274432/iR-B9VWe_normal.jpg,@BBCWorld EU angry @elonmusk won‚Äôt censor free speak and parrot the WEF vision.,1736734483901001770,en,0,0,0,0,0
1736798444197753250,Mon Dec 18 17:19:51 +0000 2023,"Dr. PotMeetsKettle, DDiv",PotMeetsKettle,https://pbs.twimg.com/profile_images/2670730711/fcc96d26cd170e87c170875f22f42710_normal.png,"@BBCWorld What happens when @elonmusk et al expose the EU for the disinformation they spread?.Will they take action against themselves?.After all, we KNOW that the EU spread all sorts of crap during the ""pandemic"".",1736734483901001770,en,0,0,0,0,1
1736781550027473366,Mon Dec 18 16:12:44 +0000 2023,JonClodd,JonClodd,https://pbs.twimg.com/profile_images/1620401873436958723/eJ-TF0YJ_normal.jpg,"@BBCWorld ""EU has catastrophic ‚Ç¨100bn hole in budget due to Ukrainian commitments, and intends to try and rinse Elon Musk for it"".",1736734483901001770,en,0,0,0,0,0
1736752754792493565,Mon Dec 18 14:18:18 +0000 2023,üõ°King Of Loxley‚öîüõë,King_Of_Loxley,https://pbs.twimg.com/profile_images/1559309142120189959/6fXq1e8N_normal.jpg,"@BBCWorld Of course it has nothing to do with the fact that Elon Musk supports Israel üòâ ü§´ . Don't worry Europeans, the extreme Islam you support will teach you a lesson you won't forget for decades.",1736734483901001770,en,0,0,0,0,0
1736742523232481610,Mon Dec 18 13:37:39 +0000 2023,Amel DJAMOUH,AmelDJAMOUH,https://abs.twimg.com/sticky/default_profile_images/default_profile_normal.png,"@BBCWorld You mean : against Elon Musk's X over ""Freedom of speech"".",1736734483901001770,en,0,0,0,0,2
1736741421665694132,Mon Dec 18 13:33:16 +0000 2023,Floki,floki8799,https://pbs.twimg.com/profile_images/1698659790317056000/H2kAvWwm_normal.jpg,"@BBCWorld Actual news if, @elonmusk  is not blocking Palestinian's voice on @X and Zionists are not happy with that. So they took action after receiving orders from Israel.",1736734483901001770,en,0,0,0,0,3
1736736657981018402,Mon Dec 18 13:14:20 +0000 2023,Hemant Kulkarni,randomhemant,https://pbs.twimg.com/profile_images/1722474597420085248/p2bZGlt0_normal.jpg,"@BBCWorld Elon musk will surely reply : ""this is conspiracy against the earth! Against the humanity!"".",1736734483901001770,en,0,0,0,0,1
1736734757021467000,Mon Dec 18 13:06:47 +0000 2023,Pardessi Form 47 Wala,Pardessi_Ali,https://pbs.twimg.com/profile_images/1750359185336782848/jr_9dAE__normal.jpg,@BBCWorld Sure . @elonmusk asked for the proofs. did we get any yet? @elonmusk.,1736734483901001770,en,0,1,1,1,15
1736734726961184928,Mon Dec 18 13:06:40 +0000 2023,Adnan Ajmal,adnansworld,https://pbs.twimg.com/profile_images/1191024113437069316/bY7DP9uW_normal.jpg,@BBCWorld They can't take any action against @elonmusk.,1736734483901001770,en,0,0,1,0,0
1735254969207357791,Thu Dec 14 11:06:38 +0000 2023,Abdul hannan,hannny_k_tweets,https://pbs.twimg.com/profile_images/1713988632275546112/hHcC8gk3_normal.jpg,@BBCWorld Thread must be overcome by Elon musk @elonmusk.,1735254745676124383,en,0,0,0,0,1
1734960643290366073,Wed Dec 13 15:37:06 +0000 2023,Whistleblower for hire! I accept Rubles.,carrmania,https://pbs.twimg.com/profile_images/1760372306675998720/e3OkaU16_normal.jpg,"@BBCWorld "". the cars then burst into flames, but it's a minor fire."" @elonmusk.",1734937288100983193,en,0,0,0,0,0
1734952476749582625,Wed Dec 13 15:04:38 +0000 2023,RHDTesla,Xbeachlife,https://pbs.twimg.com/profile_images/1758164387041275904/rnyu9OiV_normal.jpg,"@BBCWorld @tesla @elonmusk @MartinViecha can you also send the facts back to @BBCWorld @BBCNews  on this software update so called.‚ÄòRecall‚Äô. As you can see from the comments here, it‚Äôs pulled the wool over the eyes of a lot of people who naively believe this news story to be of any‚Ä¶.",1734937288100983193,en,1,0,0,0,2
1734942608890159568,Wed Dec 13 14:25:26 +0000 2023,TechFreak!,HiTechFreak,https://pbs.twimg.com/profile_images/1733887403851464704/1jRhVUdd_normal.jpg,"@BBCWorld This is a shocking and disappointing news for Tesla fans and owners. Elon Musk's Tesla has been accused of ignoring and hiding the fatal flaws of its Autopilot system, which has caused several deaths and injuries.",1734937288100983193,en,0,0,0,0,1
1734942034434117745,Wed Dec 13 14:23:09 +0000 2023,ImaBougieProle üåπüçâ,ImaBougieProle,https://pbs.twimg.com/profile_images/1417233873327493121/Yv9ClVpG_normal.jpg,@BBCWorld @elonmusk is this good?.,1734937288100983193,en,0,0,0,0,1
1734937960049733776,Wed Dec 13 14:06:57 +0000 2023,Decentralise Party,DecentraliseP,https://pbs.twimg.com/profile_images/1709807702548140032/rxYs-YKU_normal.jpg,@BBCWorld They didn't make the call to recall you propagandists! @elonmusk you see how they spin these headlines?.,1734937288100983193,en,0,0,1,0,1
1734937431978242115,Wed Dec 13 14:04:52 +0000 2023,donbruz,OnoseB74706,https://pbs.twimg.com/profile_images/1696568773497548800/F-nDP28z_normal.jpg,@BBCWorld Elon musk the genius üíØüíØ.,1734937288100983193,en,0,0,0,0,3
1733727268000952413,Sun Dec 10 05:56:06 +0000 2023,clkd12,clkd12,https://pbs.twimg.com/profile_images/1119101354390118405/vKSwKEJ7_normal.jpg,"@BBCWorld Elon musk wears diapers, he is a colicky üë∂.",1732977809029574880,en,0,0,0,0,0
1733523737021182167,Sat Dec 09 16:27:20 +0000 2023,Dylan the Human,Dylanstromo,https://pbs.twimg.com/profile_images/1195952258929659905/700v_v9e_normal.jpg,"@BBCWorld @Normsmusic Or, the board could fire Elon Musk for bungling Twitter so badly that advertisers left‚Ä¶.",1732977809029574880,en,0,0,0,0,1
1733302954982064635,Sat Dec 09 01:50:02 +0000 2023,val garde,valentgarde,https://pbs.twimg.com/profile_images/1325796526837407745/eCfgfhAA_normal.jpg,@BBCWorld Elon Musk is a total disaster.,1732977809029574880,en,0,0,0,0,0
1733287932973269341,Sat Dec 09 00:50:20 +0000 2023,Trickyvix üíô,seahwks4Life06,https://pbs.twimg.com/profile_images/183675381/IMG000008_normal.jpg,@BBCWorld Well I call for @elonmusk to fire himself.,1732977809029574880,en,0,0,0,0,0
1733213046317744571,Fri Dec 08 19:52:46 +0000 2023,Manfred's mum.,alsationgirl,https://abs.twimg.com/sticky/default_profile_images/default_profile_normal.png,@BBCWorld Elon Musk is a big baby. He'll be broke soon if he doesn't change his ways.,1732977809029574880,en,0,0,0,0,0
1733204810550428005,Fri Dec 08 19:20:02 +0000 2023,Brat Brat,BratBra23104220,https://pbs.twimg.com/profile_images/1694870401019723776/jJh7vJ3l_normal.jpg,@BBCWorld Who the fuck is Elon Musk to ask for a firing?.,1732977809029574880,en,0,0,0,0,0
1733184624694596044,Fri Dec 08 17:59:50 +0000 2023,Bilious Dirge,Bilious_Dirge,https://pbs.twimg.com/profile_images/1554565528097882115/xZgW1Dq__normal.jpg,"@BBCWorld So, @elonmusk genuinely thinks that @Disney will fire its leadership, who rightfully concluded that advertising on Twitter will lose it money, and replace them with people who will give Musk more money?. Or does he think we live in an absolute plutocracy of which he is the chief?.",1732977809029574880,en,0,0,0,0,0
1733147630786523462,Fri Dec 08 15:32:50 +0000 2023,Brian Thompson,thompsooner,https://pbs.twimg.com/profile_images/1518654348993122304/g8G_U5OU_normal.png,@BBCWorld Elon musk is the greatest mind of our time and one of the few billionaires who's actually trying to make the world a better place.,1732977809029574880,en,0,0,0,0,1
1733129911928287300,Fri Dec 08 14:22:25 +0000 2023,Take Five Economics,Take5Economics,https://pbs.twimg.com/profile_images/1732843390784401408/1yczpsns_normal.jpg,@BBCWorld They‚Äôre leaving out some context @elonmusk.,1732977809029574880,en,0,0,0,0,0
1733111724679598513,Fri Dec 08 13:10:09 +0000 2023,Nick ü´•¬©Ô∏è,NjPlaying,https://pbs.twimg.com/profile_images/1094183615871807493/voOUG-5Y_normal.jpg,@BBCWorld Everyone calls for the firing of Twitter  cheif and man child Elon Musk for ruining this app.,1732977809029574880,en,0,0,0,0,1
1733100926829752705,Fri Dec 08 12:27:15 +0000 2023,PeterPaul,pet_paux,https://pbs.twimg.com/profile_images/1226926862045237248/5S0Tzn8l_normal.jpg,@BBCWorld #Elonmusk #Disney . unless in #dictatorship everyone has the right to advertise where they want to. no?.,1732977809029574880,en,0,0,0,0,1
1733056231344902517,Fri Dec 08 09:29:38 +0000 2023,Serge Remi,sergeremistory,https://pbs.twimg.com/profile_images/1578870555545059328/xBNHdApm_normal.jpg,@BBCWorld Let's call for firing of @elonmusk after X is loosing advertisers. .,1732977809029574880,en,0,0,0,0,1
1733054946134679705,Fri Dec 08 09:24:32 +0000 2023,Rickmeister,FatbikerRick,https://pbs.twimg.com/profile_images/1005875625331253249/pB1WQ9eq_normal.jpg,"@BBCWorld Elon Musk, king of his own Fantasy Island . .",1732977809029574880,en,0,0,0,0,0
1733028960496230799,Fri Dec 08 07:41:16 +0000 2023,darren feld√∏n ‚ùé,afrix1,https://pbs.twimg.com/profile_images/1499749547416899588/p9p3VFKu_normal.jpg,@BBCWorld üò≠üò≠üò≠ Spacepoes @elonmusk.,1732977809029574880,en,0,0,0,0,0
1733020328450994341,Fri Dec 08 07:06:58 +0000 2023,Jackie BlueüóΩ,jacksm39,https://pbs.twimg.com/profile_images/1397678988726657029/Al8LYeaO_normal.jpg,"@BBCWorld Free Speech Purist Elon Musk, lol.",1732977809029574880,en,0,0,0,0,1
1732999378091286770,Fri Dec 08 05:43:43 +0000 2023,PiPie-œÄÀö üêê,00HKL00,https://pbs.twimg.com/profile_images/1733497871717269504/h8qPO7F3_normal.jpg,@BBCWorld Elon Musk wants Disney's CEO fired for stopping advertising on X. Drama alert! Wonder if Mickey Mouse and Iron Man will settle this in a showdown?.,1732977809029574880,en,0,0,1,0,21
1732990086130847937,Fri Dec 08 05:06:48 +0000 2023,Steven Bautista,StevenB22276459,https://pbs.twimg.com/profile_images/1507186687213940741/v35-F_3-_normal.png,@BBCWorld @elonmusk i wish you would buy a couple billion in shares and team up with Nelson Peltz on his proxy war with the Disney board‚Ä¶ they are clearly not running that company and nelson peltz could use the extra support‚Ä¶. #fireiger.,1732977809029574880,en,0,0,0,0,2
1732989889426210941,Fri Dec 08 05:06:01 +0000 2023,Alan C,GardeningAtNigh,https://pbs.twimg.com/profile_images/1713813741928640512/WkUuZ9O__normal.jpg,@BBCWorld Elon Musk engaging in cancel culture.,1732977809029574880,en,0,0,0,0,1
1732989804151706059,Fri Dec 08 05:05:41 +0000 2023,shakespier,shake52spier,https://abs.twimg.com/sticky/default_profile_images/default_profile_normal.png,@BBCWorld ü§£ü§£ü§£ü§£.@elonmusk.Maybe musk also wants to fire Mickey mouse and donald duck!.,1732977809029574880,en,0,0,0,0,2
1732988041789325341,Fri Dec 08 04:58:41 +0000 2023,WindLowe üü©üü®üìêüñåüíïüê∂,WingedLion3,https://pbs.twimg.com/profile_images/1199239511022043141/4IGxbvfk_normal.jpg,@BBCWorld Hen is Elon Musk going to fire himself for destroying Twitter lol.,1732977809029574880,en,0,0,0,0,0
1732985119768772973,Fri Dec 08 04:47:04 +0000 2023,Krista Anderson,askmeboutmydogs,https://pbs.twimg.com/profile_images/1770336092916736000/awHpV7QG_normal.jpg,@BBCWorld Boohoo @elonmusk . You can‚Äôt act like a clown and than be sad when no one wants to advertise on your platform haha . Actions I‚Äôd like to introduce you to consequences. .,1732977809029574880,en,0,0,0,0,0
1732984401535934584,Fri Dec 08 04:44:13 +0000 2023,Ankit Desai,ankitrajdesai,https://pbs.twimg.com/profile_images/1772940054144655360/lrrakBl-_normal.jpg,"@BBCWorld Bob Iger should be fired but not for stopping ads on X, but for better reasons @elonmusk . stop being a petulant child.",1732977809029574880,en,0,0,0,0,0
1732983601535267017,Fri Dec 08 04:41:02 +0000 2023,Kleva Black ÿ£ÿ≥ŸàÿØ ÿ∞ŸÉŸä,KlevaBlac,https://pbs.twimg.com/profile_images/1745224923163820032/baU5dDyE_normal.jpg,"@BBCWorld ü§£ü§£ @elonmusk  is about to find out , again, that in the bigger scheme of things, he is a nobody.",1732977809029574880,en,0,0,0,0,0
1732981820915139015,Fri Dec 08 04:33:58 +0000 2023,Peggy Skala,PeggySka,https://pbs.twimg.com/profile_images/779291564728254464/N4cJRIED_normal.jpg,@BBCWorld I can totally see the @disney board saying - hey that @elonmusk guy has done such a good job and made such money with Xitter that we should listen to him . .,1732977809029574880,en,0,0,0,0,4
1732980706215948304,Fri Dec 08 04:29:32 +0000 2023,Mr. Common Sense,ProudCo89773752,https://pbs.twimg.com/profile_images/1612902198190505986/ZV9F8jw1_normal.jpg,"@BBCWorld Disney didn‚Äôt stop advertising on X out of ‚Äúconcerns over antisemitism‚Äù, they did it out of a desire to drive a woke narrative, and punish people like @elonmusk who stand for free speech.",1732977809029574880,en,0,0,0,0,0
1732980392859218326,Fri Dec 08 04:28:17 +0000 2023,Fishy Cheesehead üßÄ,FishyCheesehead,https://pbs.twimg.com/profile_images/1754279226411274240/-vquRZkC_normal.jpg,@BBCWorld @elonmusk tricked us all. Just another loose cannon. #freedomofspeech https://t.co/eYQk2B75A4.,1732977809029574880,en,0,0,0,0,0
1732980199653085254,Fri Dec 08 04:27:31 +0000 2023,The Shastafarian,TheShastafarian,https://pbs.twimg.com/profile_images/1704653477308489728/sjZ_PfYw_normal.jpg,@BBCWorld @elonmusk is a whiny crybaby.,1732977809029574880,en,0,0,0,0,0
1732978848310940138,Fri Dec 08 04:22:09 +0000 2023,2dollrdave,DavidAn26036664,https://pbs.twimg.com/profile_images/1537492913222991872/RmV4znbn_normal.jpg,@BBCWorld Elon musk has destroyed tweeter or X! I use it for laughs mostly! I do like some of the content of people I follow but I get a lot more of people I don‚Äôt follow!.,1732977809029574880,en,0,0,1,0,1
1732977995546235134,Fri Dec 08 04:18:45 +0000 2023,Diana,dieterson99,https://pbs.twimg.com/profile_images/1721171333546196992/4Smz1WOf_normal.jpg,@BBCWorld So great Elon Musk ü§©ü•≥.,1732977809029574880,en,0,0,2,0,2
1732977983626051704,Fri Dec 08 04:18:43 +0000 2023,dragon,dragon_Bruin,https://pbs.twimg.com/profile_images/1555371679299186689/4WU4WMUC_normal.jpg,@BBCWorld Or better yet how about the firing of Elon musk?.,1732977809029574880,en,0,0,0,0,10
1732343294611362091,Wed Dec 06 10:16:41 +0000 2023,Patsy Benson,PatsyBe24668355,https://pbs.twimg.com/profile_images/1273364793416704002/5bPeOisK_normal.jpg,"@BBCWorld No. If anything Elon Musk will benefit by leading us, the people, out of the darkness of banning speech and expression, and into the light of freedom to speak and liberty to express ourselves.",1731287833900433690,en,0,0,0,0,0
1731944940379197617,Tue Dec 05 07:53:46 +0000 2023,Gabbaar Singh,laudakihal,https://pbs.twimg.com/profile_images/1730384622687797248/bo3lf6VX_normal.jpg,"@BBCWorld @elonmusk ,, BBC want to short ‚ÄòX ‚Äò.",1731287833900433690,en,0,0,0,0,0
1731730999791308871,Mon Dec 04 17:43:39 +0000 2023,serra ersoy,serraersoy,https://pbs.twimg.com/profile_images/3641805191/991a86a9bdaf78463406ee857b97be7d_normal.jpeg,@BBCWorld Unlike bbc @elonmusk tying to serve unpaid objective information which is actually your duty.,1731287833900433690,en,0,0,0,0,0
1731619509255987428,Mon Dec 04 10:20:37 +0000 2023,Diana,Diana88617716,https://pbs.twimg.com/profile_images/1722699954332827648/uymCynVt_normal.jpg,@BBCWorld Elon musk is brilliant enough than the rest of our brains.,1731287833900433690,en,0,0,0,0,0
1731604623813988570,Mon Dec 04 09:21:28 +0000 2023,Liang Chen,leoliangchen,https://abs.twimg.com/sticky/default_profile_images/default_profile_normal.png,"@BBCWorld When Elon Musk decides to run for the US President Elections campaign in the future, X is a powerful tool to save a lot.",1731287833900433690,en,0,0,0,0,0
1731590722791387299,Mon Dec 04 08:26:14 +0000 2023,Josh Khan Official üê¶,JoshuaEdiko,https://pbs.twimg.com/profile_images/1724293023050137600/y_83kz9u_normal.jpg,@BBCWorld Unless its gonna be a dream on your side but we don't see it happen @elonmusk is doing great and X won't go bankrupt because @BBCWorld  Published That's No way.,1731287833900433690,en,0,0,0,0,0
1731500924126797882,Mon Dec 04 02:29:24 +0000 2023,Free56,Free5620,https://pbs.twimg.com/profile_images/1721452148066521088/cT5ml3dg_normal.jpg,@BBCWorld BOYCOTT apple .nbcuniversal warnerbros lionsgate.Walmart Discovery Disney Hulu Comcast nbc sony Paramount.@elonmusk .Why x users not calling for boycott.,1731287833900433690,en,0,0,0,0,0
1731486967328547062,Mon Dec 04 01:33:57 +0000 2023,batman2505,batman2505,https://abs.twimg.com/sticky/default_profile_images/default_profile_normal.png,@BBCWorld So is the BBC going after Elon Musk due to he allows people to speak about Genocide of Palestinians. I hope the BBC goes bankrupt with your white washing of the Genocide.,1731287833900433690,en,0,0,0,0,0
1731468151223943331,Mon Dec 04 00:19:11 +0000 2023,Anarchist Cannabis Community,anarchistCC,https://pbs.twimg.com/profile_images/1293661947020193792/J0wHngX2_normal.jpg,"@BBCWorld Yes, especially after that profomance. Insisting on your rights without acknowledging your responsibilities is adolescence. Elon was just being a giant baby on stage. @elonmusk you are the problem.",1731287833900433690,en,0,0,0,0,0
1731458003809763740,Sun Dec 03 23:38:51 +0000 2023,AC Nixon,nixonapun,https://pbs.twimg.com/profile_images/1586946359189553153/-QpISOnQ_normal.jpg,"@BBCWorld If Elon Musk keeps fixing what's not really broken,then most likely Twitter (X) will. üôÑ.",1731287833900433690,en,0,0,0,0,0
1731449887873466381,Sun Dec 03 23:06:36 +0000 2023,Elyse,wraithfodder,https://pbs.twimg.com/profile_images/306902988/radioactivekitty_normal.jpg,"@BBCWorld If it tanks, it's all on Elon Musk. Can't handle a social media platform, doesn't know on how to deal with advertisers. Nope, when X croaks he'll blame everyone else (but take a huge tax write-off). Not to mention he looked pretty silly in a bomber jacket. Maverick he is not.",1731287833900433690,en,0,0,0,0,0
1731446542744121790,Sun Dec 03 22:53:19 +0000 2023,LizV4Real,LizV4Rreal,https://pbs.twimg.com/profile_images/1152616967364382721/QC3IDhJI_normal.jpg,@BBCWorld I believe @elonmusk is clever enough to avoid it.,1731287833900433690,en,0,0,0,0,1
1731441026621956516,Sun Dec 03 22:31:24 +0000 2023,Matt Athan üá∫üá∏üè≥Ô∏è‚Äçüåàüåª üêïüêïüêïüêïüêà‚Äç‚¨õÔ∏èüêà‚Äç‚¨õÔ∏è,DukeSkymocker,https://pbs.twimg.com/profile_images/1696342906339033088/3BYa4JJv_normal.jpg,@BBCWorld Is @elonmusk paying y'all for these glowing comments?  Twitter is a dumpster fire thanks to him making one bad decision after another. https://t.co/sRExTHHVma.,1731287833900433690,en,0,0,0,0,0
1731433287304753473,Sun Dec 03 22:00:38 +0000 2023,Yababa,Sev7en_Digit,https://pbs.twimg.com/profile_images/1762221085909561345/IrusfjMA_normal.jpg,@BBCWorld We are proud of @elonmusk for always saying the truth no matter whose ox is being gored.,1731287833900433690,en,0,0,0,0,0
1731422307510530160,Sun Dec 03 21:17:01 +0000 2023,Jessica Owthwaite,Owthwaites,https://pbs.twimg.com/profile_images/1731755848811356163/ZEuzYWfT_normal.jpg,"@BBCWorld Didn‚Äôt Elon Musk replace 80% of the staff with bots and automation? So, how much does it cost to run X?.",1731287833900433690,en,0,0,0,0,0
1731412181286060227,Sun Dec 03 20:36:46 +0000 2023,Richard Almaraz,alm33244,https://pbs.twimg.com/profile_images/1730408466232066048/UhV4xUvx_normal.jpg,@BBCWorld The world needs more people like Elon Musk. He changes the world to a better place.,1731287833900433690,en,0,0,0,0,0
1731408612944208272,Sun Dec 03 20:22:35 +0000 2023,Michele Rovatti üõ°Ô∏è,Michele_Rovatti,https://pbs.twimg.com/profile_images/1474098780794507271/OjaAnEXD_normal.jpg,"@BBCWorld One thing is quite clear, whoever rub the #Israeli the wrong way is doomed. A blatant double standard against human rights and international laws. @elonmusk #IsraelPalestineWar #IsraelIsAnApartheidState.",1731287833900433690,en,0,0,0,0,0
1731365266586587394,Sun Dec 03 17:30:21 +0000 2023,JULES SENIOR,FonjulesSr,https://pbs.twimg.com/profile_images/1690620207461462016/-kMHxZXZ_normal.jpg,@BBCWorld A few pple wants to turn the world upsidedown. Elon Musk and many others are doing well to stop them.,1731287833900433690,en,0,0,0,0,0
1731361352994680877,Sun Dec 03 17:14:48 +0000 2023,PeruRenace üáµüá™üá¶üá∑üáÆüá±,Superso02108781,https://pbs.twimg.com/profile_images/1666972507327307782/gUjxOVnB_normal.jpg,@BBCWorld Do not be stupid!  It is more probably BBC go bankrupt that Elon Musk can lose a penny!.,1731287833900433690,en,0,0,0,0,0
1731359019955097837,Sun Dec 03 17:05:32 +0000 2023,Jawny Reb,JawnyReb,https://pbs.twimg.com/profile_images/1744424934154141696/Y-SfhTRa_normal.jpg,@BBCWorld There is a coordinated left wing media attack on Musk after he bought &amp; exposed the old Twitter of colluding with the US govt to censor &amp; ban opposing views on social media. outlets like the #bbc and George Soros controlled Washington Post are colluding to defame Elon Musk.,1731287833900433690,en,0,0,0,0,0
1731358003494834538,Sun Dec 03 17:01:29 +0000 2023,Gaith ProfitProwler,GaithUltra,https://pbs.twimg.com/profile_images/1602743037976772608/H98yeNmL_normal.jpg,@BBCWorld @elonmusk can you buy BBC too ?.,1731287833900433690,en,0,0,0,0,0
1731357024414507079,Sun Dec 03 16:57:36 +0000 2023,General Strike üçÄ(Terrence Daniels),Terrence_STR,https://pbs.twimg.com/profile_images/1023765415758123011/AXqVNSrl_normal.jpg,"@BBCWorld Not a huge @elonmusk fan but I‚Äôm pretty sure y‚Äôall have said this about every company he‚Äôs ever owned ü§∑üèΩ‚Äç‚ôÇÔ∏è Let‚Äôs be honest, corporate news like the BBC will go bankrupt before X! . Y‚Äôall are already morally bankrupt!.",1731287833900433690,en,0,0,0,0,5
1731354351891787827,Sun Dec 03 16:46:59 +0000 2023,May68,may_68_,https://pbs.twimg.com/profile_images/1370969129105162242/mDyqaAWT_normal.jpg,@BBCWorld The should be question is . would  elon Musk care‚Ä¶?  . Probably not . BBC should find another angle . Should the BBC fail ? What do u think about that question .,1731287833900433690,en,0,0,0,0,0
1731352089370992985,Sun Dec 03 16:37:59 +0000 2023,Al J Marschke,Marschke_AJ,https://pbs.twimg.com/profile_images/1612549909814693888/-Fn3WmZP_normal.jpg,@BBCWorld Could they survive under @elonmusk ?.,1731287833900433690,en,0,0,0,0,0
1731347585829351596,Sun Dec 03 16:20:06 +0000 2023,Izooh_mash 009,odero_isaack,https://pbs.twimg.com/profile_images/1701873635261063168/ivdd2wC6_normal.jpg,@BBCWorld @elonmusk should kick @BBCWorld  out of this platform.,1731287833900433690,en,0,0,0,0,1
1731343605053161790,Sun Dec 03 16:04:16 +0000 2023,SASE,Shonna1225,https://pbs.twimg.com/profile_images/1538344169197928450/Yf8FuW3F_normal.jpg,"@BBCWorld If I'm ever fortunate enough to put my kid's name on a company, you can bet I'm doing everything in my power to see that it's successful. @elonmusk seems to be doing the opposite.",1731287833900433690,en,0,0,0,0,0
1731340962918740079,Sun Dec 03 15:53:46 +0000 2023,Platonic,philomatician,https://pbs.twimg.com/profile_images/1749282821624258560/sMegGP6U_normal.jpg,@BBCWorld Haven't you realized that @elonmusk might not be interested whether X is profitable or not? That he just wants it to be available for the public to keep freedom of speech? That's just a theory though. ü§∑‚Äç‚ôÇÔ∏è.,1731287833900433690,en,0,0,0,0,0
1731340629358326114,Sun Dec 03 15:52:27 +0000 2023,michael petty,MichaePetty,https://pbs.twimg.com/profile_images/1724960444694265856/6VCguuv1_normal.jpg,@BBCWorld If he can get the banking services started and require subscription to use it then he has nothing to fear. @elonmusk.,1731287833900433690,en,0,0,0,0,0
1731335612878487624,Sun Dec 03 15:32:31 +0000 2023,ü¶âEmily Huang Âè∞ÁÅ£Ëòãüçéüë∏üåûüçÄüå∫üåäüê¨üêò,Emilysidea1996,https://pbs.twimg.com/profile_images/1689939742631362560/6BvUrCu__normal.jpg,"@BBCWorld I understand and I don't understand. Mr. Elon Musk should be viewed as an user or what on X chat?!  If it was another influencer and also influencial on X , will advertisers do differently?! or waiting for platform manager taking action first?! warning letter/block  account etc.",1731287833900433690,en,0,0,0,0,0
1731333730923696330,Sun Dec 03 15:25:02 +0000 2023,Michael Wright,mswright353,https://pbs.twimg.com/profile_images/1034140959288643584/oda0XTC9_normal.jpg,"@BBCWorld That is a real possibility that Elon Musk doesn't seem too concerned about. Like Trump, he is more concerned with opening the platform to right-wing propaganda and conspiracy theories even if operating at a loss.",1731287833900433690,en,0,0,0,0,0
1731332940519309483,Sun Dec 03 15:21:54 +0000 2023,Sean Smith,SeanSmi13788651,https://abs.twimg.com/sticky/default_profile_images/default_profile_normal.png,"@BBCWorld @elonmusk @marklevinshow @AlanDersh @netanyahu @AlinaHabba No way,Elon is the most powerful man in the world.Your corrupt British government&amp;France are afraid of Elon telling the truth of how they are rubbing the world for their interests&amp;causing destruction.",1731287833900433690,en,0,0,0,0,0
1731331840865177808,Sun Dec 03 15:17:32 +0000 2023,Anders Pirat,AndersPirat,https://pbs.twimg.com/profile_images/1670542051182538754/lB85sLEI_normal.jpg,@BBCWorld Nope. Musk will never let X go bankrupt. His plans for X is clear. Banks will become obsolete when he implements his plans. What plans? WeChat competitor. @elonmusk knows what he is doing #notaflamethrower.,1731287833900433690,en,0,0,0,0,1
1731331540452274346,Sun Dec 03 15:16:20 +0000 2023,Dr RZA NY,md1NY,https://pbs.twimg.com/profile_images/1710882600502378496/EWvwjv0x_normal.jpg,"@BBCWorld Am sure Elon Musk already has plan A, B,C,,,,,.X bankruptcy- likely not gona happen.",1731287833900433690,en,0,0,0,0,2
1731331012993699996,Sun Dec 03 15:14:14 +0000 2023,Hard Truths,MeowMeowCJ,https://pbs.twimg.com/profile_images/1695279489524330496/yYSctnye_normal.jpg,@BBCWorld Would be great if it goes bankrupt. That will teach the inbred fark @elonmusk to stop yapping his mouth off while begging for ad revenue LOL.,1731287833900433690,en,0,0,0,0,0
1731326839929385025,Sun Dec 03 14:57:39 +0000 2023,OnTheSideOfTheAngels,OTSOTA,https://pbs.twimg.com/profile_images/1741797355727302656/NoQn9Dj1_normal.jpg,@BBCWorld No!.Now quit with the disinformation propaganda &amp; leave @elonmusk alone!.,1731287833900433690,en,0,0,0,0,0
1731324722506293302,Sun Dec 03 14:49:14 +0000 2023,KayAre,kulsoomrandom,https://pbs.twimg.com/profile_images/3465054814/b5395362643eb673b0dad9f9acac19dd_normal.jpeg,@BBCWorld If @elonmusk supports Israel‚Äôs indiscriminate killing then it would by an act of God go bankcrupt.,1731287833900433690,en,0,0,0,0,0
1731324614272274498,Sun Dec 03 14:48:49 +0000 2023,Joel Herron,Joeyheroin,https://pbs.twimg.com/profile_images/1769821204209123329/WJVHMcGy_normal.jpg,@BBCWorld Is the question - ‚Äúhas‚Äù x gone bankrupt under @elonmusk ?.,1731287833900433690,en,0,0,0,0,0
1731324091527794948,Sun Dec 03 14:46:44 +0000 2023,Walter Spencer,waltspencer9912,https://pbs.twimg.com/profile_images/1513741178331615235/OfDJrHqf_normal.jpg,@BBCWorld Could @BBCWorld go bankrupt spreading lies and disinformation about @elonmusk ?.,1731287833900433690,en,0,0,0,0,0
1731323508955730029,Sun Dec 03 14:44:25 +0000 2023,Paul Borek,PaulBorek,https://pbs.twimg.com/profile_images/2935298134/27c0e48a22bed2aabfb8cd4a65621ee1_normal.png,@BBCWorld Could the bbc go bankrupt with Elon Musk leading X?.,1731287833900433690,en,0,0,0,0,0
1731322096930750690,Sun Dec 03 14:38:48 +0000 2023,Ragga,BR270,https://pbs.twimg.com/profile_images/1360710824097181700/r6iZUtmm_normal.jpg,"@BBCWorld Right leaning #Elonmusk was upset that left leaning #Twitter did not reflect his views. He bought it, allowed known racists back on the platform. Advertising revenue halved, the perfect example of why the right will always fail as long as there are people to tell the truth.",1731287833900433690,en,0,0,0,0,0
1731317420751790084,Sun Dec 03 14:20:14 +0000 2023,Humanity first,Khairul80938329,https://pbs.twimg.com/profile_images/1715957662595383296/-AsyntlW_normal.jpg,"@BBCWorld Elon Musk see how zio # ni # st  con ¬£ trol ,  the world and said: Go F Y S  [read 3 times].",1731287833900433690,en,0,0,0,0,0
1731316684370407621,Sun Dec 03 14:17:18 +0000 2023,Humanity first,Khairul80938329,https://pbs.twimg.com/profile_images/1715957662595383296/-AsyntlW_normal.jpg,"@BBCWorld Elon Musk to BBC: ""Go F Y self"" [read 3 times].",1731287833900433690,en,0,0,0,0,0
1731311782575092141,Sun Dec 03 13:57:49 +0000 2023,Fockered,fockered13,https://pbs.twimg.com/profile_images/1731420577200574464/jgOYOl6g_normal.jpg,@BBCWorld BBC RAG TIME.NO ELON MUSK WILL NOT AND HOPEFULLY YOU WILL BE DEFUNDED SOON. .,1731287833900433690,en,0,0,0,0,0
1731310334621650954,Sun Dec 03 13:52:04 +0000 2023,Marilyn Williams,JoyMWilliams,https://pbs.twimg.com/profile_images/1626547715403403264/NayqsrnL_normal.jpg,@BBCWorld This wouldn‚Äôt surprise me one bit. We‚Äôve seen the decline in content and participants since @elonmusk took over. It‚Äôs all about his ego instead of serving his customers properly.,1731287833900433690,en,0,0,0,0,1
1731307815619457123,Sun Dec 03 13:42:04 +0000 2023,King,King_Eth0x,https://pbs.twimg.com/profile_images/1710939803070418944/Uxro_h7r_normal.jpg,"@BBCWorld According to analysts, the likelihood of X going bankrupt under Elon Musk is very low . Musk has a track record of turning struggling companies around.",1731287833900433690,en,0,0,0,0,0
1731306663494254850,Sun Dec 03 13:37:29 +0000 2023,Andrew Brown,AndrewB73799634,https://abs.twimg.com/sticky/default_profile_images/default_profile_normal.png,@BBCWorld @elonmusk should probably sell the platform being a brilliant engineer doesn‚Äôt mean your good at media.,1731287833900433690,en,0,0,0,0,1
1731304632373137815,Sun Dec 03 13:29:25 +0000 2023,House of Emirates¬Æ,houseofemirates,https://pbs.twimg.com/profile_images/1725908341812080640/I7ckEx0e_normal.jpg,"@BBCWorld @elonmusk will be able to handle this as he did with many problems before, he will save X.",1731287833900433690,en,0,0,0,0,0
1731303658904539343,Sun Dec 03 13:25:33 +0000 2023,Patrick,TrollyP71,https://pbs.twimg.com/profile_images/1636335755730485249/mUmla6TZ_normal.jpg,@BBCWorld X is the only social media app I would pay a fee to use. @elonmusk keep tossing these jokers off the app. People would fund this company.,1731287833900433690,en,0,0,0,0,0
1731302854982578516,Sun Dec 03 13:22:21 +0000 2023,Anwar Sahil,Anwarsahil17,https://pbs.twimg.com/profile_images/1748402995023474688/WQCyrYU__normal.jpg,@BBCWorld Free willed BBC Elon Musk has frustrated &amp; stripped u nude.,1731287833900433690,en,0,0,0,0,1
1731296519587033325,Sun Dec 03 12:57:10 +0000 2023,Good man,rajraj20001,https://pbs.twimg.com/profile_images/1753685440941699073/fv76WbEO_normal.jpg,@BBCWorld Elon musk support God.,1731287833900433690,en,0,0,0,0,1
1731296292025024748,Sun Dec 03 12:56:16 +0000 2023,Salman Khan,SalmanKhan92406,https://pbs.twimg.com/profile_images/1739833457428017152/R7_vp1ux_normal.jpg,@BBCWorld Elon musk stand humanity.,1731287833900433690,en,0,0,0,0,0
1731295233214988373,Sun Dec 03 12:52:04 +0000 2023,QuangLong1989,QuangLongVu1989,https://pbs.twimg.com/profile_images/1731303962740195328/cFRGp26x_normal.jpg,@BBCWorld I think X will grow even stronger. I believe in Elon Musk.,1731287833900433690,en,0,0,0,0,2
1731294960060600376,Sun Dec 03 12:50:59 +0000 2023,Philip Cooper,PhilipC05915990,https://abs.twimg.com/sticky/default_profile_images/default_profile_normal.png,@BBCWorld Elon Musk is a genius. unlike the sorry progressive who posted this question ‚Ä¶.,1731287833900433690,en,0,0,0,0,0
1731294860525838451,Sun Dec 03 12:50:35 +0000 2023,My Thai Hoang,MyThaiHoangPi,https://pbs.twimg.com/profile_images/1726468045034684416/vFmL6zf4_normal.jpg,"@BBCWorld In contrast, X is the most wealthy under ELon Musk time.",1731287833900433690,en,0,0,0,0,4
1731293915641229623,Sun Dec 03 12:46:50 +0000 2023,…ñ…Ω …±…ë…†…ñ…ë…ì,smagdab,https://pbs.twimg.com/profile_images/603530403924811776/KH6V5rml_normal.jpg,@BBCWorld Elon Musk must fully bow to the West in order to be spared their evilsüòû.,1731287833900433690,en,0,0,0,0,0
1731290101546697072,Sun Dec 03 12:31:40 +0000 2023,Anna Dom Fayza,DomFayza,https://pbs.twimg.com/profile_images/1712817933771030528/Rui5HUk-_normal.jpg,"@BBCWorld @elonmusk you visited them and that‚Äôs how they treat you? . You didn‚Äôt even bother to go to Gaza because money matters, not the lives of thousands of innocent people. #GazaGenocide #Gaza.",1731287833900433690,en,0,0,0,0,0
1731289567393931495,Sun Dec 03 12:29:33 +0000 2023,Nature's Canvas,NatureCanvas99,https://pbs.twimg.com/profile_images/1724781460878696448/ziJRirNT_normal.jpg,"@BBCWorld Speculating about the possibility of a specific company going bankrupt under the leadership of Elon Musk can be complex. Musk's involvement or leadership in a company doesn't necessarily guarantee bankruptcy. However, his ambitious and sometimes controversial strategies, along‚Ä¶.",1731287833900433690,en,0,0,0,0,1
1731289467753808174,Sun Dec 03 12:29:09 +0000 2023,Mair,nerdymair,https://pbs.twimg.com/profile_images/1768058969690378240/LcKyR3ZB_normal.jpg,"@BBCWorld Pls can some tell me,how is Elon musk helping humanity.",1731287833900433690,en,0,0,0,0,0
1731288374571368856,Sun Dec 03 12:24:48 +0000 2023,LibertyLens,slcpkr,https://pbs.twimg.com/profile_images/1773097587643691008/JL92CGIZ_normal.jpg,@BBCWorld Look at the BBC joining the cult to try to destroy Elon musk. Because he‚Äôs exposing the corrupt evil game these oligarchs play.,1731287833900433690,en,0,0,0,0,0
1731288282548343041,Sun Dec 03 12:24:26 +0000 2023,Lastborn,awesome_olalere,https://pbs.twimg.com/profile_images/1397684107879059458/dmYRF7yr_normal.jpg,@BBCWorld Elon musk is doing everything to make the world a better place. What's BBC doing ?.,1731287833900433690,en,1,6,32,6,253
1731288272062861581,Sun Dec 03 12:24:24 +0000 2023,Fiona,Fiona04201414,https://pbs.twimg.com/profile_images/1306946770019074048/3bA9xw2d_normal.jpg,@BBCWorld X is best under Elon Musk.,1731287833900433690,en,0,0,0,0,0
1731287999474979186,Sun Dec 03 12:23:19 +0000 2023,Arÿ≠um,itsarhum,https://pbs.twimg.com/profile_images/1718519554501165056/wPb6QBcM_normal.jpg,@BBCWorld Elon musk stands for humanity.,1731287833900433690,en,0,3,7,3,79
1731165902681575592,Sun Dec 03 04:18:09 +0000 2023,Philip Lee,2904Cubic,https://abs.twimg.com/sticky/default_profile_images/default_profile_normal.png,@ChannelNewsAsia @elonmusk is human after all. Reading too deep over 3 words doesn‚Äôt change what he had achieved thus far and will continue to brave the new frontiers.,1730553983906062773,en,0,0,0,0,0
1731015153444077984,Sat Dec 02 18:19:07 +0000 2023,"Roseta Productions, LLC",Stevenroseta,https://pbs.twimg.com/profile_images/593131171216642048/5DzZ1-X9_normal.jpg,"@BBCWorld Therefore, Elon Musk‚Äôs negligence and incompetence will kill ‚ÄúX‚Äù or Twitter or whatever it will be called next.",1730093825052307541,en,0,0,0,0,0
1730698091265683526,Fri Dec 01 21:19:14 +0000 2023,NorseRover,NorseAussie,https://pbs.twimg.com/profile_images/1730035373005324288/4pbX7Ld1_normal.jpg,"@BBCWorld Inaccurate, Elon Musk will kill it.",1730093825052307541,en,0,0,0,0,1
1730447470780367313,Fri Dec 01 04:43:21 +0000 2023,Necip,Bay_Necip_Bey,https://abs.twimg.com/sticky/default_profile_images/default_profile_normal.png,@BBCWorld We inner people will stand with @elonmusk for truths about Israel!. #ZionistLobbyAttack.,1730093825052307541,en,0,0,0,0,0
1730417891688988725,Fri Dec 01 02:45:49 +0000 2023,Gabbaar Singh,laudakihal,https://pbs.twimg.com/profile_images/1730384622687797248/bo3lf6VX_normal.jpg,@BBCWorld That‚Äôs why @elonmusk hate you.,1730093825052307541,en,0,0,0,0,0
1730413960761852415,Fri Dec 01 02:30:12 +0000 2023,Ayn Random,URAynt,https://pbs.twimg.com/profile_images/1710848272179355648/HHLWohZp_normal.jpg,@BBCWorld @elonmusk has a disability. He is on a spectrum. Stop your abuse of a handicapped person who is a genius. Go TSLA.,1730093825052307541,en,0,0,0,0,0
1730412814156632438,Fri Dec 01 02:25:39 +0000 2023,Mark Ayres,chikaching,https://pbs.twimg.com/profile_images/1683983419166842881/jb9UcaVe_normal.jpg,"@BBCWorld Elon Musk actually said ""let the chips fall where they may"" and ""earth will decide"". My money's on Musk.",1730093825052307541,en,0,0,1,0,0
1730397768898818079,Fri Dec 01 01:25:51 +0000 2023,Jake,JakeVet36,https://pbs.twimg.com/profile_images/1070117186587377664/pbKOUxER_normal.jpg,"@BBCWorld Though Elon Musk's passionate statement to not allow cooperation's to control free speech to what essential amounts to black mail - was glorious. One of the less talked about sad points is Elon Musk did say that the boycott would kill X. ""What this advertising boycott is going‚Ä¶.",1730093825052307541,en,0,0,0,0,0
1730380585250500734,Fri Dec 01 00:17:35 +0000 2023,KatFreedomüçäüá∫üá≤‚úùÔ∏è,KatFreedom2,https://pbs.twimg.com/profile_images/1673092584565080072/cikBo6kR_normal.jpg,@BBCWorld Let them go @elonmusk. They will kill themselves.,1730093825052307541,en,0,0,0,0,0
1730340362906997163,Thu Nov 30 21:37:45 +0000 2023,Maji,Jaima05,https://pbs.twimg.com/profile_images/1749612500725755904/U4e06F16_normal.jpg,@BBCWorld Elon musk is a fighter. He will find a way.,1730093825052307541,en,0,0,0,0,0
1730332741344825742,Thu Nov 30 21:07:28 +0000 2023,Al'Fred Ibn Al Almani,easyquoth,https://pbs.twimg.com/profile_images/1355934782308413473/Z4Ay5xZg_normal.jpg,@BBCWorld Yes! Twitter has the potential to make Elon Musk a #Millionaire. That was clear right from the start. What is he crying over? His own decisions?.,1730093825052307541,en,0,0,0,0,0
1730289001985192387,Thu Nov 30 18:13:39 +0000 2023,E-Diplomacy‚ú¶government | politics,ShirlAAdams,https://pbs.twimg.com/profile_images/1737980355804598273/5dcRzWxp_normal.jpg,"@BBCWorld üõëIn addition to US advertisers, the EUCommission with it's Digital Services Act now in effect, warned #ElonMusk twice he had to beef up control of disinformation and hate speech that has caused grievous harm to people in the form of racism against race, gender, and religion‚Ä¶.",1730093825052307541,en,0,1,1,1,2
1730279628416209007,Thu Nov 30 17:36:25 +0000 2023,Joe McCormac üáÆüá™üá∫üá∏üá¨üáß,JoeMcCormac,https://pbs.twimg.com/profile_images/1525127667288354817/iDflqtxm_normal.jpg,@BBCWorld X is so much better now with real free speech. Thanks to Elon Musk.,1730093825052307541,en,0,0,0,0,2
1730271791585583609,Thu Nov 30 17:05:16 +0000 2023,R√≥mulo 66,manawanuj,https://pbs.twimg.com/profile_images/922371596173660161/ABymwwan_normal.jpg,@BBCWorld Actually Elon Musk killed Twitter and is in his way to killing X too.,1730093825052307541,en,0,0,0,0,0
1730259966231974216,Thu Nov 30 16:18:17 +0000 2023,Wealth,Spiritualsman,https://pbs.twimg.com/profile_images/1719877225904820225/u6dAZUzt_normal.jpg,"@BBCWorld @BBCWorld ,did you listen to what @elonmusk really said or you're just pushing out your own narrative. Propaganda media. .",1730093825052307541,en,0,0,0,0,0
1730242675792609530,Thu Nov 30 15:09:34 +0000 2023,Hard Truths,MeowMeowCJ,https://pbs.twimg.com/profile_images/1695279489524330496/yYSctnye_normal.jpg,@BBCWorld Thats good news. This will teach the smart alec inbred fark Elon Musk not to yap like some mad dog next time LOL. Hard truths for all the butthurt inbread farks in life who cannot accept it!!!!.,1730093825052307541,en,0,0,0,0,1
1730216921407119387,Thu Nov 30 13:27:14 +0000 2023,TA Robinson,TARobin97441900,https://pbs.twimg.com/profile_images/1473274296344657931/ym-4y6IE_normal.png,"@BBCWorld I was not a fan of Elon Musk until now: I wish more people had your guts. I WILL BOYCOTT EVERY ONE OF THOSE ADVERTISERS. I will personally do EVERYTHING I can to encourage others to do so. ""In a time of deceit telling the truth is a revolutionary. act"" George Orwell.",1730093825052307541,en,0,0,0,0,0
1730215680421552407,Thu Nov 30 13:22:18 +0000 2023,Filippo Palumbo,pal3351,https://pbs.twimg.com/profile_images/1725648335351017472/TJnAZu9n_normal.jpg,@BBCWorld Elon Musk doesn‚Äôt need anyone money.,1730093825052307541,en,0,0,0,0,0
1730214785751355550,Thu Nov 30 13:18:45 +0000 2023,Rockstarmediang,RockstarMedia6,https://pbs.twimg.com/profile_images/1569728048873750528/9ljNqsnB_normal.jpg,@BBCWorld We stand with Elon musk.,1730093825052307541,en,0,0,0,0,7
1730212053183267160,Thu Nov 30 13:07:53 +0000 2023,Christine Stanton,ccstanton,https://pbs.twimg.com/profile_images/723301186015756288/naSLy47F_normal.jpg,"@BBCWorld Let‚Äôs be clear. @elonmusk killed Twitter. His stupid politics, racism, misogyny, antisemitism are repulsive to most decent people.",1730093825052307541,en,0,0,0,0,1
1730208638680142169,Thu Nov 30 12:54:19 +0000 2023,Beck¬ÆÔ∏è,BeckDemartin,https://pbs.twimg.com/profile_images/1771300331890102272/5OSvSeMQ_normal.jpg,@BBCWorld Fake news @elonmusk any comment on bbc?.,1730093825052307541,en,0,0,0,0,0
1730203745953124538,Thu Nov 30 12:34:53 +0000 2023,rekounas,rekounas,https://pbs.twimg.com/profile_images/492277276684201984/jU3JoleQ_normal.jpeg,@BBCWorld yeah. the advertising boycott will kill Twitter LOL. More like Elon Musk killed Twitter.,1730093825052307541,en,0,0,0,0,0
1730203295346540973,Thu Nov 30 12:33:05 +0000 2023,Inna Quandary,inna_quandary,https://pbs.twimg.com/profile_images/1722822169783078912/cVHlU9Lk_normal.jpg,"@BBCWorld See blue check mark?.Its there BECAUSE big money elites are trying to squeeze @elonmusk . If you have the money, throw in wth the fight or free speech is gone. Now or never.",1730093825052307541,en,0,1,0,1,0
1730179820305203569,Thu Nov 30 10:59:49 +0000 2023,Deadmantalking,alfieallluvpath,https://pbs.twimg.com/profile_images/1630555406706565124/NDJ7-D71_normal.jpg,@BBCWorld Sorry BBC but this man is not afraid of losing money‚Ä¶.he‚Äôs afraid WE all will lose free speech. @elonmusk keep fighting to good fight!!  So if anyone is losing money it‚Äôs the companies advertising but they want you all to see if half-ass backwards!!.,1730093825052307541,en,0,0,0,0,0
1730178998280528100,Thu Nov 30 10:56:33 +0000 2023,Tran content,UTran16363,https://pbs.twimg.com/profile_images/1724324350277693440/4j1JL94b_normal.jpg,"@BBCWorld Elon Musk's statement on the potential impact of an advertising boycott is attention-grabbing. It suggests that such a boycott could have significant consequences for a particular entity or project referred to as ""X."" The context of the statement and the reasons behind the‚Ä¶.",1730093825052307541,en,0,0,0,0,0
1730174148893118540,Thu Nov 30 10:37:16 +0000 2023,MrKopaColoredüá¨üá≠üá≥üá¨üá∞üá™,KoPaColored,https://pbs.twimg.com/profile_images/1239690648573403143/G-shbhZe_normal.jpg,@BBCWorld Elon Musk ‚ÄúF*uk Them‚Äù.BBC ‚Äúboycott will kill X‚Äù . You are ü§§ if you actually believe MSM.,1730093825052307541,en,0,0,0,0,0
1730169633339236386,Thu Nov 30 10:19:20 +0000 2023,Frosties P.,Frosties_P,https://pbs.twimg.com/profile_images/1633839981990133768/XNOqZ3IK_normal.jpg,"@BBCWorld @CommunityNotes Elon Musk has been living in BBC's head rent-free ever since he destroyed one of their ""journalists"".",1730093825052307541,en,0,0,0,0,1
1730162629388255676,Thu Nov 30 09:51:30 +0000 2023,SilverSurfer,silversurf1111,https://pbs.twimg.com/profile_images/1497171429321809924/obXem-Uf_normal.jpg,"@BBCWorld Wtf is this title about ""Elon Musk launches profane attack on X advertisers"". Title should be ""Mediamatters tries to fuck over X with wrong data"". And you ask yourselves why people distrust MSM?.",1730093825052307541,en,0,0,0,0,1
1730149074718912741,Thu Nov 30 08:57:38 +0000 2023,TheDav,themecrazyo,https://pbs.twimg.com/profile_images/1267735763480969224/lpwGb-TK_normal.jpg,"@BBCWorld Elon Musk: if you want blackmail me with ads, go f* yourself. BBC: Musk says advertising boycott will kill X.lmao.",1730093825052307541,en,0,0,1,0,0
1730145111626178698,Thu Nov 30 08:41:53 +0000 2023,Nzenozo,ajekadam,https://pbs.twimg.com/profile_images/1723231055413710848/MOirAE00_normal.jpg,@BBCWorld But isn't that part of Elon Musk's much vaunted idea of free speech- .i.e. for one to take his advertising dollars where and when one wants?.,1730093825052307541,en,0,0,0,0,0
1730139258134974694,Thu Nov 30 08:18:38 +0000 2023,Kaan T√ºrk üáπüá∑,KaanCesurTurk,https://pbs.twimg.com/profile_images/1739017154899460097/KOTiVudd_normal.jpg,@BBCWorld The BBC no longer understands what it is listening to and seeing!. ü§î. @elonmusk.,1730093825052307541,en,0,0,0,0,1
1730135045304680747,Thu Nov 30 08:01:53 +0000 2023,CryptoFritz,CryptolandFritz,https://pbs.twimg.com/profile_images/1688468661273612288/d3J1fSk9_normal.jpg,"@BBCWorld The much more important takeaway of this speech is, that @elonmusk created the meme of 2023: ""Go f**k yourself"" https://t.co/yxHL0HsVdZ.",1730093825052307541,en,0,0,0,0,0
1730131668055298183,Thu Nov 30 07:48:28 +0000 2023,Badmash,Kraft_der_Natur,https://pbs.twimg.com/profile_images/1606640646089068545/MUgzvKGX_normal.jpg,@BBCWorld Right and who's fault is that dear @elonmusk.,1730093825052307541,en,0,0,0,0,0
1730125555998015664,Thu Nov 30 07:24:11 +0000 2023,just me,LisaRob40446891,https://pbs.twimg.com/profile_images/1723496606073241601/-Rpzuw8w_normal.jpg,"@BBCWorld Everybody knows the bbc, tells the truth üôÑ, who has told them to say this ü§î is someone pissed off with you @elonmusk ? Don't worry, it will be someone else tomorrow üòÄ.",1730093825052307541,en,0,0,0,0,0
1730124241746657614,Thu Nov 30 07:18:58 +0000 2023,CREEDüá∫üá∏,19creed91,https://pbs.twimg.com/profile_images/1748267942201229312/wEHhBQwH_normal.jpg,@BBCWorld people that hates @elonmusk are tesla drivers lol .@elonmusk ü´°.,1730093825052307541,en,0,0,0,0,0
1730124079007441392,Thu Nov 30 07:18:19 +0000 2023,Nabi,NabiV1990,https://pbs.twimg.com/profile_images/1710779681014718464/Z15pXXb3_normal.jpg,"@BBCWorld Elon Musk should stop being so entitled. No one is obligated to advertise on your site. How about respecting human rights and not supporting far-right posts on Twitter (currently known as X)? Maybe that will save the platform, who knows?.",1730093825052307541,en,0,0,0,0,0
1730122829016785152,Thu Nov 30 07:13:21 +0000 2023,WolfPaw,WolfPaw90,https://pbs.twimg.com/profile_images/1642740024574607362/nBQcnu7i_normal.jpg,"@BBCWorld Hey @elonmusk, the whole tough guy bomber jacket thing doesn't really work if you throw a temper tantrum and cry like a spoiled brat (see headline image). #Musk #Twitter #X #Elonmusk #Disney.",1730093825052307541,en,0,0,0,0,0
1730120190413979777,Thu Nov 30 07:02:52 +0000 2023,Hull Life,LifeHull,https://abs.twimg.com/sticky/default_profile_images/default_profile_normal.png,@BBCWorld @elonmusk You will probably find more people will subscribe to see no advertising or the usual shite we have to trawl through to read something. I would!.,1730093825052307541,en,0,0,0,0,0
1730120084797149259,Thu Nov 30 07:02:26 +0000 2023,Rizz üá≤üáæüáµüá∏üí™,ewanpolariez,https://pbs.twimg.com/profile_images/1713109375689322496/fprN8wD9_normal.jpg,@BBCWorld Goob job elon musk. he know israhell real devil.,1730093825052307541,en,0,0,0,0,0
1730119315507048565,Thu Nov 30 06:59:23 +0000 2023,Sara üá∫üá∏üá®üá¥üáÆüá± üá∫üá¶,Monica93376017,https://pbs.twimg.com/profile_images/1441101830751092737/AK18ldLk_normal.jpg,@BBCWorld Stop twisting things around @BBCWorld! That‚Äôs not what @elonmusk said. Shame on you! @BBCWorld is proving to be an unreliable source of news/information and has just showed us how untrustworthy they are.,1730093825052307541,en,0,0,0,0,0
1730118785607114873,Thu Nov 30 06:57:17 +0000 2023,amos paul,Larachess,https://pbs.twimg.com/profile_images/1457362036489392133/A91f7xSd_normal.jpg,@BBCWorld @elonmusk did you say this?.,1730093825052307541,en,0,0,0,0,0
1730117431513731108,Thu Nov 30 06:51:54 +0000 2023,IAN,ianrea7,https://pbs.twimg.com/profile_images/1705476224649220097/PUhfoIo__normal.jpg,@BBCWorld üòÇüòÇüòÇ he‚Äôs the best. Thank god that there is someone that they can‚Äôt buy. Keep on Elon. @elonmusk.,1730093825052307541,en,0,0,0,0,0
1730112346281173412,Thu Nov 30 06:31:41 +0000 2023,CHINCHUDO,CHINCHUDO,https://pbs.twimg.com/profile_images/1493367929978572800/ix5VjbZQ_normal.jpg,@BBCWorld How does the @BBCWorld expect to be taken as a conveyor of truth when they twist what Elon Musk said so badly? Completely out of context. What rubbish.,1730093825052307541,en,0,0,0,0,0
1730110129083707499,Thu Nov 30 06:22:53 +0000 2023,Bavariaüá∫üá¶üá©üá™,kgTDM9RLpVHwjk4,https://pbs.twimg.com/profile_images/1763473445742841856/vZ0RrdIR_normal.jpg,"@BBCWorld so Elon Musk realized that there are people, if not richer than him, but more influential.",1730093825052307541,en,0,0,0,0,0
1730106835460628757,Thu Nov 30 06:09:48 +0000 2023,Ankur in the Evening üç∑,a_n_k_u_r,https://pbs.twimg.com/profile_images/1316817327531282432/YXPEQv7y_normal.jpg,@BBCWorld @Nidhi That explains @elonmusk‚Äôs appeasement of Netanyahu.,1730093825052307541,en,0,0,0,0,0
1730106725284352332,Thu Nov 30 06:09:21 +0000 2023,Mansoor ŸÖŸÜÿµŸàÿ±,Mansoor26r,https://pbs.twimg.com/profile_images/1053546926044528640/HOCVuLQD_normal.jpg,@BBCWorld @elonmusk love your comment as leader in this awful world. We thought only #Arabs under occupation. Surprisingly #Germany and #Japan are too. I wonder who else. #Gaza #war uncovered #America political schemes. #FreePalaestin.,1730093825052307541,en,0,0,0,0,0
1730106228268061119,Thu Nov 30 06:07:23 +0000 2023,mary french,ukgirlinsf,https://pbs.twimg.com/profile_images/547542790771453953/65pq5qrD_normal.jpeg,@BBCWorld Ironic @elonmusk is the center of this controversy. He stated his POV &amp; bc advertisers didn‚Äôt like it they pulled their ads. Yet his platform X censores ppl for some of their posts! So it seems a case of free speech vs hypocrisy! Where does one draw the line on free speech?.,1730093825052307541,en,0,0,0,0,0
1730103119038890370,Thu Nov 30 05:55:01 +0000 2023,Erica Radalj,RadaljErica,https://pbs.twimg.com/profile_images/1602398640882221056/LtyQAb_k_normal.jpg,@BBCWorld No he didn't! .Elon Musk told them to go f8k themselves.,1730093825052307541,en,0,0,0,0,0
1730102225970819459,Thu Nov 30 05:51:29 +0000 2023,gallius,exgallius,https://pbs.twimg.com/profile_images/986901796437110784/ppYXGOaw_normal.jpg,"@BBCWorld Elon Musk had killed lovely #Twitter, and replaced it with hell called X.",1730093825052307541,en,0,0,0,0,0
1730101556496802142,Thu Nov 30 05:48:49 +0000 2023,Rachael N,RachaelDaughe16,https://pbs.twimg.com/profile_images/1717815759265509376/Moo0ccyY_normal.jpg,@BBCWorld No @elonmusk killed X. BIG FACTS.,1730093825052307541,en,0,0,0,0,0
1730101495696404637,Thu Nov 30 05:48:34 +0000 2023,Drew Caldwell üá®üá¶üá∫üá¶üè≥Ô∏è‚Äçüåàüåé,drewcaldwell,https://pbs.twimg.com/profile_images/1457436787236696066/OSHNDn_V_normal.jpg,@BBCWorld Projection. @elonmusk will kill X.,1730093825052307541,en,0,0,0,0,0
1730100514094784677,Thu Nov 30 05:44:40 +0000 2023,Ogbu Kingsley M. (Wykis),wykisworld,https://pbs.twimg.com/profile_images/1679883952121577472/yPc6xQGB_normal.jpg,@BBCWorld @elonmusk said ‚ÄúAdvertiser who‚Äôs blackmailing him with Advertising or money can go f*vck them selfs‚Äù but @BBCWorld reporting ‚ÄúElon Musk says advertising boycott will kill X‚Äù who‚Äôs take this News Media serious at your own peril.,1730093825052307541,en,0,0,0,0,0
1730100315414827181,Thu Nov 30 05:43:53 +0000 2023,Gian Paolo,GianPa0,https://pbs.twimg.com/profile_images/1604014578643468288/SIN00VL__normal.jpg,"@BBCWorld It's not true, @elonmusk told all the boycotters to go and f. ck themselves. See link below. It's a great example why legacy media is so hated, they are just lying. https://t.co/2hN1oYv4tq.",1730093825052307541,en,0,0,0,0,0
1730100112095887527,Thu Nov 30 05:43:05 +0000 2023,‚öõÔ∏èPhilly Proton,PhillyPhoton,https://pbs.twimg.com/profile_images/1079872252869513217/JhP7DR2l_normal.jpg,"@BBCWorld So he kneel terrorist zionist for nothing? @elonmusk make X subscription only, we the users should make X profitable and pay but with no zionist control or censor, let them go f**k theirselves.",1730093825052307541,en,0,0,0,0,0
1730100040939790482,Thu Nov 30 05:42:48 +0000 2023,J,___J___jay,https://pbs.twimg.com/profile_images/712964632059613184/vBkh1FhR_normal.jpg,"@BBCWorld This is why he bought it ,this is the plan, ""twitter"" before he bought was away for information/news to be spread around from corruption,wars,politics etc once it's gone you will get all that from MSM and it will be fabricated to their liking and their agendas. #Elonmusk.",1730093825052307541,en,0,0,0,0,1
1730098013081858487,Thu Nov 30 05:34:44 +0000 2023,Ron Lyon Photo,ronlyonphoto,https://pbs.twimg.com/profile_images/1053838753620418560/ub7sNnRh_normal.jpg,@BBCWorld X says advertising boycott will kill Elon Musk. #ifonlyitweretrue.,1730093825052307541,en,0,0,0,0,0
1730096624326836551,Thu Nov 30 05:29:13 +0000 2023,Ishi Nobu „ÅÑÂøç„Åµ,ishinobu_actual,https://pbs.twimg.com/profile_images/1241902031394050048/xzVMrG6__normal.jpg,"@BBCWorld Elon Musk is insistently his own worst enemy, with psychological exhibition that is disturbingly fascinating.",1730093825052307541,en,0,0,0,0,3
1730095760354443611,Thu Nov 30 05:25:47 +0000 2023,Temi ‚ú®üéâ,Zahyd911,https://pbs.twimg.com/profile_images/1750056169496834048/h7h1POQx_normal.jpg,@BBCWorld Elon Musk's advocacy or concern for the situation involving Palestinians affected by the conflict in Gaza is commendable. His statements might suggest that an advertising boycott could impact the visibility or support for these affected individuals. Discussions about advertising‚Ä¶.,1730093825052307541,en,0,0,0,0,0
1730094811104063944,Thu Nov 30 05:22:01 +0000 2023,legit knight üè¥‚Äç‚ò†Ô∏è,thanos_AV,https://pbs.twimg.com/profile_images/1584449981226061824/jNTELCvo_normal.jpg,"@BBCWorld BBC Propaganda outlet as usual using Misleading headlines. Elon Musk said - ""go f**k yourself "". https://t.co/LM3FnHpukb.",1730093825052307541,en,0,0,0,0,0
1730094456966152679,Thu Nov 30 05:20:36 +0000 2023,Mohammed Bin Mohammed,mbm4real,https://pbs.twimg.com/profile_images/1389948564529422338/aVzDNgSx_normal.jpg,"@BBCWorld Elon Musk always stirring the conversation! üöÄ The impact of an  advertising boycott is a hot topic. Curious to see how this unfolds and  its implications. Elon, keeping us on our toes as usual!.",1730093825052307541,en,0,0,0,0,1
1730094096394731545,Thu Nov 30 05:19:10 +0000 2023,Somewhat advanced primate,ds_psych,https://pbs.twimg.com/profile_images/1357435725650612226/qpEeIRjX_normal.jpg,"@BBCWorld Elon Musk killed twitter, nobody else.",1730093825052307541,en,0,0,0,0,3
